,Species,island,Bill Length (mm),Bill Depth (mm),Flipper Length (mm),Body Mass (g),sex,year,Flag_outliners,body_mass_kg,bill_ratio,size_class
0,Adelie,Torgersen,39.1,18.7,181.0,3750.0,Male,2007,False,3.75,2.0909090909090913,Medium
1,Adelie,Torgersen,39.5,17.4,186.0,3800.0,Female,2007,False,3.8,2.270114942528736,Medium
2,Adelie,Torgersen,40.3,18.0,195.0,3250.0,Female,2007,False,3.25,2.238888888888889,Small
4,Adelie,Torgersen,36.7,19.3,193.0,3450.0,Female,2007,False,3.45,1.9015544041450778,Small
5,Adelie,Torgersen,39.3,20.6,190.0,3650.0,Male,2007,False,3.65,1.907766990291262,Small
6,Adelie,Torgersen,38.9,17.8,181.0,3625.0,Female,2007,False,3.625,2.185393258426966,Small
7,Adelie,Torgersen,39.2,19.6,195.0,4675.0,Male,2007,False,4.675,2.0,Large
12,Adelie,Torgersen,41.1,17.6,182.0,3200.0,Female,2007,False,3.2,2.3352272727272725,Small
13,Adelie,Torgersen,38.6,21.2,191.0,3800.0,Male,2007,False,3.8,1.8207547169811322,Medium
14,Adelie,Torgersen,34.6,21.1,198.0,4400.0,Male,2007,False,4.4,1.6398104265402844,Medium
15,Adelie,Torgersen,36.6,17.8,185.0,3700.0,Female,2007,False,3.7,2.056179775280899,Small
16,Adelie,Torgersen,38.7,19.0,195.0,3450.0,Female,2007,False,3.45,2.0368421052631582,Small
17,Adelie,Torgersen,42.5,20.7,197.0,4500.0,Male,2007,False,4.5,2.0531400966183577,Medium
18,Adelie,Torgersen,34.4,18.4,184.0,3325.0,Female,2007,False,3.325,1.8695652173913044,Small
19,Adelie,Torgersen,46.0,21.5,194.0,4200.0,Male,2007,False,4.2,2.13953488372093,Medium
20,Adelie,Biscoe,37.8,18.3,174.0,3400.0,Female,2007,False,3.4,2.065573770491803,Small
21,Adelie,Biscoe,37.7,18.7,180.0,3600.0,Male,2007,False,3.6,2.016042780748663,Small
22,Adelie,Biscoe,35.9,19.2,189.0,3800.0,Female,2007,False,3.8,1.8697916666666667,Medium
23,Adelie,Biscoe,38.2,18.1,185.0,3950.0,Male,2007,False,3.95,2.110497237569061,Medium
24,Adelie,Biscoe,38.8,17.2,180.0,3800.0,Male,2007,False,3.8,2.255813953488372,Medium
25,Adelie,Biscoe,35.3,18.9,187.0,3800.0,Female,2007,False,3.8,1.8677248677248677,Medium
26,Adelie,Biscoe,40.6,18.6,183.0,3550.0,Male,2007,False,3.55,2.182795698924731,Small
27,Adelie,Biscoe,40.5,17.9,187.0,3200.0,Female,2007,False,3.2,2.2625698324022347,Small
28,Adelie,Biscoe,37.9,18.6,172.0,3150.0,Female,2007,False,3.15,2.0376344086021505,Small
29,Adelie,Biscoe,40.5,18.9,180.0,3950.0,Male,2007,False,3.95,2.1428571428571432,Medium
30,Adelie,Dream,39.5,16.7,178.0,3250.0,Female,2007,False,3.25,2.3652694610778444,Small
31,Adelie,Dream,37.2,18.1,178.0,3900.0,Male,2007,False,3.9,2.0552486187845305,Medium
32,Adelie,Dream,39.5,17.8,188.0,3300.0,Female,2007,False,3.3,2.2191011235955056,Small
33,Adelie,Dream,40.9,18.9,184.0,3900.0,Male,2007,False,3.9,2.164021164021164,Medium
34,Adelie,Dream,36.4,17.0,195.0,3325.0,Female,2007,False,3.325,2.1411764705882352,Small
35,Adelie,Dream,39.2,21.1,196.0,4150.0,Male,2007,False,4.15,1.8578199052132702,Medium
36,Adelie,Dream,38.8,20.0,190.0,3950.0,Male,2007,False,3.95,1.94,Medium
37,Adelie,Dream,42.2,18.5,180.0,3550.0,Female,2007,False,3.55,2.2810810810810813,Small
38,Adelie,Dream,37.6,19.3,181.0,3300.0,Female,2007,False,3.3,1.9481865284974094,Small
39,Adelie,Dream,39.8,19.1,184.0,4650.0,Male,2007,False,4.65,2.083769633507853,Large
40,Adelie,Dream,36.5,18.0,182.0,3150.0,Female,2007,False,3.15,2.0277777777777777,Small
41,Adelie,Dream,40.8,18.4,195.0,3900.0,Male,2007,False,3.9,2.217391304347826,Medium
42,Adelie,Dream,36.0,18.5,186.0,3100.0,Female,2007,False,3.1,1.945945945945946,Small
43,Adelie,Dream,44.1,19.7,196.0,4400.0,Male,2007,False,4.4,2.238578680203046,Medium
44,Adelie,Dream,37.0,16.9,185.0,3000.0,Female,2007,False,3.0,2.1893491124260356,Small
45,Adelie,Dream,39.6,18.8,190.0,4600.0,Male,2007,False,4.6,2.106382978723404,Large
46,Adelie,Dream,41.1,19.0,182.0,3425.0,Male,2007,False,3.425,2.1631578947368424,Small
48,Adelie,Dream,36.0,17.9,190.0,3450.0,Female,2007,False,3.45,2.011173184357542,Small
49,Adelie,Dream,42.3,21.2,191.0,4150.0,Male,2007,False,4.15,1.9952830188679245,Medium
50,Adelie,Biscoe,39.6,17.7,186.0,3500.0,Female,2008,False,3.5,2.2372881355932206,Small
51,Adelie,Biscoe,40.1,18.9,188.0,4300.0,Male,2008,False,4.3,2.121693121693122,Medium
52,Adelie,Biscoe,35.0,17.9,190.0,3450.0,Female,2008,False,3.45,1.9553072625698324,Small
53,Adelie,Biscoe,42.0,19.5,200.0,4050.0,Male,2008,False,4.05,2.1538461538461537,Medium
54,Adelie,Biscoe,34.5,18.1,187.0,2900.0,Female,2008,False,2.9,1.9060773480662982,Small
55,Adelie,Biscoe,41.4,18.6,191.0,3700.0,Male,2008,False,3.7,2.225806451612903,Small
56,Adelie,Biscoe,39.0,17.5,186.0,3550.0,Female,2008,False,3.55,2.2285714285714286,Small
57,Adelie,Biscoe,40.6,18.8,193.0,3800.0,Male,2008,False,3.8,2.1595744680851063,Medium
58,Adelie,Biscoe,36.5,16.6,181.0,2850.0,Female,2008,False,2.85,2.1987951807228914,Small
59,Adelie,Biscoe,37.6,19.1,194.0,3750.0,Male,2008,False,3.75,1.9685863874345548,Medium
60,Adelie,Biscoe,35.7,16.9,185.0,3150.0,Female,2008,False,3.15,2.112426035502959,Small
61,Adelie,Biscoe,41.3,21.1,195.0,4400.0,Male,2008,False,4.4,1.9573459715639807,Medium
62,Adelie,Biscoe,37.6,17.0,185.0,3600.0,Female,2008,False,3.6,2.211764705882353,Small
63,Adelie,Biscoe,41.1,18.2,192.0,4050.0,Male,2008,False,4.05,2.258241758241758,Medium
64,Adelie,Biscoe,36.4,17.1,184.0,2850.0,Female,2008,False,2.85,2.1286549707602336,Small
65,Adelie,Biscoe,41.6,18.0,192.0,3950.0,Male,2008,False,3.95,2.3111111111111113,Medium
66,Adelie,Biscoe,35.5,16.2,195.0,3350.0,Female,2008,False,3.35,2.191358024691358,Small
67,Adelie,Biscoe,41.1,19.1,188.0,4100.0,Male,2008,False,4.1,2.1518324607329844,Medium
68,Adelie,Torgersen,35.9,16.6,190.0,3050.0,Female,2008,False,3.05,2.1626506024096384,Small
69,Adelie,Torgersen,41.8,19.4,198.0,4450.0,Male,2008,False,4.45,2.154639175257732,Medium
70,Adelie,Torgersen,33.5,19.0,190.0,3600.0,Female,2008,False,3.6,1.763157894736842,Small
71,Adelie,Torgersen,39.7,18.4,190.0,3900.0,Male,2008,False,3.9,2.1576086956521743,Medium
72,Adelie,Torgersen,39.6,17.2,196.0,3550.0,Female,2008,False,3.55,2.302325581395349,Small
73,Adelie,Torgersen,45.8,18.9,197.0,4150.0,Male,2008,False,4.15,2.4232804232804233,Medium
74,Adelie,Torgersen,35.5,17.5,190.0,3700.0,Female,2008,False,3.7,2.0285714285714285,Small
75,Adelie,Torgersen,42.8,18.5,195.0,4250.0,Male,2008,False,4.25,2.3135135135135134,Medium
76,Adelie,Torgersen,40.9,16.8,191.0,3700.0,Female,2008,False,3.7,2.4345238095238093,Small
77,Adelie,Torgersen,37.2,19.4,184.0,3900.0,Male,2008,False,3.9,1.9175257731958766,Medium
78,Adelie,Torgersen,36.2,16.1,187.0,3550.0,Female,2008,False,3.55,2.248447204968944,Small
79,Adelie,Torgersen,42.1,19.1,195.0,4000.0,Male,2008,False,4.0,2.2041884816753927,Medium
80,Adelie,Torgersen,34.6,17.2,189.0,3200.0,Female,2008,False,3.2,2.011627906976744,Small
81,Adelie,Torgersen,42.9,17.6,196.0,4700.0,Male,2008,False,4.7,2.4374999999999996,Large
82,Adelie,Torgersen,36.7,18.8,187.0,3800.0,Female,2008,False,3.8,1.952127659574468,Medium
83,Adelie,Torgersen,35.1,19.4,193.0,4200.0,Male,2008,False,4.2,1.8092783505154642,Medium
84,Adelie,Dream,37.3,17.8,191.0,3350.0,Female,2008,False,3.35,2.095505617977528,Small
85,Adelie,Dream,41.3,20.3,194.0,3550.0,Male,2008,False,3.55,2.0344827586206895,Small
86,Adelie,Dream,36.3,19.5,190.0,3800.0,Male,2008,False,3.8,1.8615384615384614,Medium
87,Adelie,Dream,36.9,18.6,189.0,3500.0,Female,2008,False,3.5,1.9838709677419353,Small
88,Adelie,Dream,38.3,19.2,189.0,3950.0,Male,2008,False,3.95,1.9947916666666665,Medium
89,Adelie,Dream,38.9,18.8,190.0,3600.0,Female,2008,False,3.6,2.0691489361702127,Small
90,Adelie,Dream,35.7,18.0,202.0,3550.0,Female,2008,False,3.55,1.9833333333333334,Small
91,Adelie,Dream,41.1,18.1,205.0,4300.0,Male,2008,False,4.3,2.270718232044199,Medium
92,Adelie,Dream,34.0,17.1,185.0,3400.0,Female,2008,False,3.4,1.9883040935672514,Small
93,Adelie,Dream,39.6,18.1,186.0,4450.0,Male,2008,False,4.45,2.187845303867403,Medium
94,Adelie,Dream,36.2,17.3,187.0,3300.0,Female,2008,False,3.3,2.092485549132948,Small
95,Adelie,Dream,40.8,18.9,208.0,4300.0,Male,2008,False,4.3,2.1587301587301586,Medium
96,Adelie,Dream,38.1,18.6,190.0,3700.0,Female,2008,False,3.7,2.0483870967741935,Small
97,Adelie,Dream,40.3,18.5,196.0,4350.0,Male,2008,False,4.35,2.1783783783783783,Medium
98,Adelie,Dream,33.1,16.1,178.0,2900.0,Female,2008,False,2.9,2.0559006211180124,Small
99,Adelie,Dream,43.2,18.5,192.0,4100.0,Male,2008,False,4.1,2.3351351351351353,Medium
100,Adelie,Biscoe,35.0,17.9,192.0,3725.0,Female,2009,False,3.725,1.9553072625698324,Medium
101,Adelie,Biscoe,41.0,20.0,203.0,4725.0,Male,2009,False,4.725,2.05,Large
102,Adelie,Biscoe,37.7,16.0,183.0,3075.0,Female,2009,False,3.075,2.35625,Small
103,Adelie,Biscoe,37.8,20.0,190.0,4250.0,Male,2009,False,4.25,1.89,Medium
104,Adelie,Biscoe,37.9,18.6,193.0,2925.0,Female,2009,False,2.925,2.0376344086021505,Small
105,Adelie,Biscoe,39.7,18.9,184.0,3550.0,Male,2009,False,3.55,2.100529100529101,Small
106,Adelie,Biscoe,38.6,17.2,199.0,3750.0,Female,2009,False,3.75,2.244186046511628,Medium
107,Adelie,Biscoe,38.2,20.0,190.0,3900.0,Male,2009,False,3.9,1.9100000000000001,Medium
108,Adelie,Biscoe,38.1,17.0,181.0,3175.0,Female,2009,False,3.175,2.2411764705882353,Small
109,Adelie,Biscoe,43.2,19.0,197.0,4775.0,Male,2009,False,4.775,2.2736842105263158,Large
110,Adelie,Biscoe,38.1,16.5,198.0,3825.0,Female,2009,False,3.825,2.309090909090909,Medium
111,Adelie,Biscoe,45.6,20.3,191.0,4600.0,Male,2009,False,4.6,2.2463054187192117,Large
112,Adelie,Biscoe,39.7,17.7,193.0,3200.0,Female,2009,False,3.2,2.2429378531073447,Small
113,Adelie,Biscoe,42.2,19.5,197.0,4275.0,Male,2009,False,4.275,2.1641025641025644,Medium
114,Adelie,Biscoe,39.6,20.7,191.0,3900.0,Female,2009,False,3.9,1.9130434782608696,Medium
115,Adelie,Biscoe,42.7,18.3,196.0,4075.0,Male,2009,False,4.075,2.3333333333333335,Medium
116,Adelie,Torgersen,38.6,17.0,188.0,2900.0,Female,2009,False,2.9,2.2705882352941176,Small
117,Adelie,Torgersen,37.3,20.5,199.0,3775.0,Male,2009,False,3.775,1.819512195121951,Medium
118,Adelie,Torgersen,35.7,17.0,189.0,3350.0,Female,2009,False,3.35,2.1,Small
119,Adelie,Torgersen,41.1,18.6,189.0,3325.0,Male,2009,False,3.325,2.2096774193548385,Small
120,Adelie,Torgersen,36.2,17.2,187.0,3150.0,Female,2009,False,3.15,2.104651162790698,Small
121,Adelie,Torgersen,37.7,19.8,198.0,3500.0,Male,2009,False,3.5,1.9040404040404042,Small
122,Adelie,Torgersen,40.2,17.0,176.0,3450.0,Female,2009,False,3.45,2.364705882352941,Small
123,Adelie,Torgersen,41.4,18.5,202.0,3875.0,Male,2009,False,3.875,2.2378378378378376,Medium
124,Adelie,Torgersen,35.2,15.9,186.0,3050.0,Female,2009,False,3.05,2.2138364779874213,Small
125,Adelie,Torgersen,40.6,19.0,199.0,4000.0,Male,2009,False,4.0,2.136842105263158,Medium
126,Adelie,Torgersen,38.8,17.6,191.0,3275.0,Female,2009,False,3.275,2.204545454545454,Small
127,Adelie,Torgersen,41.5,18.3,195.0,4300.0,Male,2009,False,4.3,2.26775956284153,Medium
128,Adelie,Torgersen,39.0,17.1,191.0,3050.0,Female,2009,False,3.05,2.280701754385965,Small
129,Adelie,Torgersen,44.1,18.0,210.0,4000.0,Male,2009,False,4.0,2.45,Medium
130,Adelie,Torgersen,38.5,17.9,190.0,3325.0,Female,2009,False,3.325,2.1508379888268156,Small
131,Adelie,Torgersen,43.1,19.2,197.0,3500.0,Male,2009,False,3.5,2.244791666666667,Small
132,Adelie,Dream,36.8,18.5,193.0,3500.0,Female,2009,False,3.5,1.989189189189189,Small
133,Adelie,Dream,37.5,18.5,199.0,4475.0,Male,2009,False,4.475,2.027027027027027,Medium
134,Adelie,Dream,38.1,17.6,187.0,3425.0,Female,2009,False,3.425,2.164772727272727,Small
135,Adelie,Dream,41.1,17.5,190.0,3900.0,Male,2009,False,3.9,2.3485714285714288,Medium
136,Adelie,Dream,35.6,17.5,191.0,3175.0,Female,2009,False,3.175,2.0342857142857143,Small
137,Adelie,Dream,40.2,20.1,200.0,3975.0,Male,2009,False,3.975,2.0,Medium
138,Adelie,Dream,37.0,16.5,185.0,3400.0,Female,2009,False,3.4,2.242424242424242,Small
139,Adelie,Dream,39.7,17.9,193.0,4250.0,Male,2009,False,4.25,2.217877094972067,Medium
140,Adelie,Dream,40.2,17.1,193.0,3400.0,Female,2009,False,3.4,2.350877192982456,Small
141,Adelie,Dream,40.6,17.2,187.0,3475.0,Male,2009,False,3.475,2.36046511627907,Small
142,Adelie,Dream,32.1,15.5,188.0,3050.0,Female,2009,False,3.05,2.070967741935484,Small
143,Adelie,Dream,40.7,17.0,190.0,3725.0,Male,2009,False,3.725,2.394117647058824,Medium
144,Adelie,Dream,37.3,16.8,192.0,3000.0,Female,2009,False,3.0,2.220238095238095,Small
145,Adelie,Dream,39.0,18.7,185.0,3650.0,Male,2009,False,3.65,2.085561497326203,Small
146,Adelie,Dream,39.2,18.6,190.0,4250.0,Male,2009,False,4.25,2.10752688172043,Medium
147,Adelie,Dream,36.6,18.4,184.0,3475.0,Female,2009,False,3.475,1.9891304347826089,Small
148,Adelie,Dream,36.0,17.8,195.0,3450.0,Female,2009,False,3.45,2.0224719101123596,Small
149,Adelie,Dream,37.8,18.1,193.0,3750.0,Male,2009,False,3.75,2.0883977900552484,Medium
150,Adelie,Dream,36.0,17.1,187.0,3700.0,Female,2009,False,3.7,2.1052631578947367,Small
151,Adelie,Dream,41.5,18.5,201.0,4000.0,Male,2009,False,4.0,2.2432432432432434,Medium
152,Gentoo,Biscoe,46.1,13.2,211.0,4500.0,Female,2007,False,4.5,3.4924242424242427,Medium
153,Gentoo,Biscoe,50.0,16.3,230.0,5700.0,Male,2007,False,5.7,3.067484662576687,Large
154,Gentoo,Biscoe,48.7,14.1,210.0,4450.0,Female,2007,False,4.45,3.4539007092198584,Medium
155,Gentoo,Biscoe,50.0,15.2,218.0,5700.0,Male,2007,False,5.7,3.2894736842105265,Large
156,Gentoo,Biscoe,47.6,14.5,215.0,5400.0,Male,2007,False,5.4,3.282758620689655,Large
157,Gentoo,Biscoe,46.5,13.5,210.0,4550.0,Female,2007,False,4.55,3.4444444444444446,Medium
158,Gentoo,Biscoe,45.4,14.6,211.0,4800.0,Female,2007,False,4.8,3.1095890410958904,Large
159,Gentoo,Biscoe,46.7,15.3,219.0,5200.0,Male,2007,False,5.2,3.0522875816993467,Large
160,Gentoo,Biscoe,43.3,13.4,209.0,4400.0,Female,2007,False,4.4,3.231343283582089,Medium
161,Gentoo,Biscoe,46.8,15.4,215.0,5150.0,Male,2007,False,5.15,3.038961038961039,Large
162,Gentoo,Biscoe,40.9,13.7,214.0,4650.0,Female,2007,False,4.65,2.985401459854015,Large
163,Gentoo,Biscoe,49.0,16.1,216.0,5550.0,Male,2007,False,5.55,3.043478260869565,Large
164,Gentoo,Biscoe,45.5,13.7,214.0,4650.0,Female,2007,False,4.65,3.321167883211679,Large
165,Gentoo,Biscoe,48.4,14.6,213.0,5850.0,Male,2007,False,5.85,3.315068493150685,Large
166,Gentoo,Biscoe,45.8,14.6,210.0,4200.0,Female,2007,False,4.2,3.136986301369863,Medium
167,Gentoo,Biscoe,49.3,15.7,217.0,5850.0,Male,2007,False,5.85,3.140127388535032,Large
168,Gentoo,Biscoe,42.0,13.5,210.0,4150.0,Female,2007,False,4.15,3.111111111111111,Medium
169,Gentoo,Biscoe,49.2,15.2,221.0,6300.0,Male,2007,False,6.3,3.2368421052631584,Large
170,Gentoo,Biscoe,46.2,14.5,209.0,4800.0,Female,2007,False,4.8,3.1862068965517243,Large
171,Gentoo,Biscoe,48.7,15.1,222.0,5350.0,Male,2007,False,5.35,3.2251655629139075,Large
172,Gentoo,Biscoe,50.2,14.3,218.0,5700.0,Male,2007,False,5.7,3.5104895104895104,Large
173,Gentoo,Biscoe,45.1,14.5,215.0,5000.0,Female,2007,False,5.0,3.110344827586207,Large
174,Gentoo,Biscoe,46.5,14.5,213.0,4400.0,Female,2007,False,4.4,3.206896551724138,Medium
175,Gentoo,Biscoe,46.3,15.8,215.0,5050.0,Male,2007,False,5.05,2.9303797468354427,Large
176,Gentoo,Biscoe,42.9,13.1,215.0,5000.0,Female,2007,False,5.0,3.2748091603053435,Large
177,Gentoo,Biscoe,46.1,15.1,215.0,5100.0,Male,2007,False,5.1,3.0529801324503314,Large
179,Gentoo,Biscoe,47.8,15.0,215.0,5650.0,Male,2007,False,5.65,3.1866666666666665,Large
180,Gentoo,Biscoe,48.2,14.3,210.0,4600.0,Female,2007,False,4.6,3.370629370629371,Large
181,Gentoo,Biscoe,50.0,15.3,220.0,5550.0,Male,2007,False,5.55,3.2679738562091503,Large
182,Gentoo,Biscoe,47.3,15.3,222.0,5250.0,Male,2007,False,5.25,3.091503267973856,Large
183,Gentoo,Biscoe,42.8,14.2,209.0,4700.0,Female,2007,False,4.7,3.0140845070422535,Large
184,Gentoo,Biscoe,45.1,14.5,207.0,5050.0,Female,2007,False,5.05,3.110344827586207,Large
185,Gentoo,Biscoe,59.6,17.0,230.0,6050.0,Male,2007,False,6.05,3.5058823529411764,Large
186,Gentoo,Biscoe,49.1,14.8,220.0,5150.0,Female,2008,False,5.15,3.3175675675675675,Large
187,Gentoo,Biscoe,48.4,16.3,220.0,5400.0,Male,2008,False,5.4,2.969325153374233,Large
188,Gentoo,Biscoe,42.6,13.7,213.0,4950.0,Female,2008,False,4.95,3.109489051094891,Large
189,Gentoo,Biscoe,44.4,17.3,219.0,5250.0,Male,2008,False,5.25,2.566473988439306,Large
190,Gentoo,Biscoe,44.0,13.6,208.0,4350.0,Female,2008,False,4.35,3.235294117647059,Medium
191,Gentoo,Biscoe,48.7,15.7,208.0,5350.0,Male,2008,False,5.35,3.101910828025478,Large
192,Gentoo,Biscoe,42.7,13.7,208.0,3950.0,Female,2008,False,3.95,3.1167883211678835,Medium
193,Gentoo,Biscoe,49.6,16.0,225.0,5700.0,Male,2008,False,5.7,3.1,Large
194,Gentoo,Biscoe,45.3,13.7,210.0,4300.0,Female,2008,False,4.3,3.3065693430656933,Medium
195,Gentoo,Biscoe,49.6,15.0,216.0,4750.0,Male,2008,False,4.75,3.3066666666666666,Large
196,Gentoo,Biscoe,50.5,15.9,222.0,5550.0,Male,2008,False,5.55,3.1761006289308176,Large
197,Gentoo,Biscoe,43.6,13.9,217.0,4900.0,Female,2008,False,4.9,3.1366906474820144,Large
198,Gentoo,Biscoe,45.5,13.9,210.0,4200.0,Female,2008,False,4.2,3.273381294964029,Medium
199,Gentoo,Biscoe,50.5,15.9,225.0,5400.0,Male,2008,False,5.4,3.1761006289308176,Large
200,Gentoo,Biscoe,44.9,13.3,213.0,5100.0,Female,2008,False,5.1,3.37593984962406,Large
201,Gentoo,Biscoe,45.2,15.8,215.0,5300.0,Male,2008,False,5.3,2.8607594936708862,Large
202,Gentoo,Biscoe,46.6,14.2,210.0,4850.0,Female,2008,False,4.85,3.2816901408450705,Large
203,Gentoo,Biscoe,48.5,14.1,220.0,5300.0,Male,2008,False,5.3,3.4397163120567376,Large
204,Gentoo,Biscoe,45.1,14.4,210.0,4400.0,Female,2008,False,4.4,3.1319444444444446,Medium
205,Gentoo,Biscoe,50.1,15.0,225.0,5000.0,Male,2008,False,5.0,3.3400000000000003,Large
206,Gentoo,Biscoe,46.5,14.4,217.0,4900.0,Female,2008,False,4.9,3.2291666666666665,Large
207,Gentoo,Biscoe,45.0,15.4,220.0,5050.0,Male,2008,False,5.05,2.922077922077922,Large
208,Gentoo,Biscoe,43.8,13.9,208.0,4300.0,Female,2008,False,4.3,3.151079136690647,Medium
209,Gentoo,Biscoe,45.5,15.0,220.0,5000.0,Male,2008,False,5.0,3.033333333333333,Large
210,Gentoo,Biscoe,43.2,14.5,208.0,4450.0,Female,2008,False,4.45,2.9793103448275864,Medium
211,Gentoo,Biscoe,50.4,15.3,224.0,5550.0,Male,2008,False,5.55,3.2941176470588234,Large
212,Gentoo,Biscoe,45.3,13.8,208.0,4200.0,Female,2008,False,4.2,3.2826086956521734,Medium
213,Gentoo,Biscoe,46.2,14.9,221.0,5300.0,Male,2008,False,5.3,3.1006711409395975,Large
214,Gentoo,Biscoe,45.7,13.9,214.0,4400.0,Female,2008,False,4.4,3.287769784172662,Medium
215,Gentoo,Biscoe,54.3,15.7,231.0,5650.0,Male,2008,False,5.65,3.4585987261146496,Large
216,Gentoo,Biscoe,45.8,14.2,219.0,4700.0,Female,2008,False,4.7,3.2253521126760565,Large
217,Gentoo,Biscoe,49.8,16.8,230.0,5700.0,Male,2008,False,5.7,2.964285714285714,Large
219,Gentoo,Biscoe,49.5,16.2,229.0,5800.0,Male,2008,False,5.8,3.055555555555556,Large
220,Gentoo,Biscoe,43.5,14.2,220.0,4700.0,Female,2008,False,4.7,3.063380281690141,Large
221,Gentoo,Biscoe,50.7,15.0,223.0,5550.0,Male,2008,False,5.55,3.3800000000000003,Large
222,Gentoo,Biscoe,47.7,15.0,216.0,4750.0,Female,2008,False,4.75,3.18,Large
223,Gentoo,Biscoe,46.4,15.6,221.0,5000.0,Male,2008,False,5.0,2.9743589743589745,Large
224,Gentoo,Biscoe,48.2,15.6,221.0,5100.0,Male,2008,False,5.1,3.08974358974359,Large
225,Gentoo,Biscoe,46.5,14.8,217.0,5200.0,Female,2008,False,5.2,3.1418918918918917,Large
226,Gentoo,Biscoe,46.4,15.0,216.0,4700.0,Female,2008,False,4.7,3.0933333333333333,Large
227,Gentoo,Biscoe,48.6,16.0,230.0,5800.0,Male,2008,False,5.8,3.0375,Large
228,Gentoo,Biscoe,47.5,14.2,209.0,4600.0,Female,2008,False,4.6,3.3450704225352115,Large
229,Gentoo,Biscoe,51.1,16.3,220.0,6000.0,Male,2008,False,6.0,3.1349693251533743,Large
230,Gentoo,Biscoe,45.2,13.8,215.0,4750.0,Female,2008,False,4.75,3.2753623188405796,Large
231,Gentoo,Biscoe,45.2,16.4,223.0,5950.0,Male,2008,False,5.95,2.75609756097561,Large
232,Gentoo,Biscoe,49.1,14.5,212.0,4625.0,Female,2009,False,4.625,3.386206896551724,Large
233,Gentoo,Biscoe,52.5,15.6,221.0,5450.0,Male,2009,False,5.45,3.3653846153846154,Large
234,Gentoo,Biscoe,47.4,14.6,212.0,4725.0,Female,2009,False,4.725,3.2465753424657535,Large
235,Gentoo,Biscoe,50.0,15.9,224.0,5350.0,Male,2009,False,5.35,3.144654088050314,Large
236,Gentoo,Biscoe,44.9,13.8,212.0,4750.0,Female,2009,False,4.75,3.253623188405797,Large
237,Gentoo,Biscoe,50.8,17.3,228.0,5600.0,Male,2009,False,5.6,2.936416184971098,Large
238,Gentoo,Biscoe,43.4,14.4,218.0,4600.0,Female,2009,False,4.6,3.013888888888889,Large
239,Gentoo,Biscoe,51.3,14.2,218.0,5300.0,Male,2009,False,5.3,3.612676056338028,Large
240,Gentoo,Biscoe,47.5,14.0,212.0,4875.0,Female,2009,False,4.875,3.392857142857143,Large
241,Gentoo,Biscoe,52.1,17.0,230.0,5550.0,Male,2009,False,5.55,3.0647058823529414,Large
242,Gentoo,Biscoe,47.5,15.0,218.0,4950.0,Female,2009,False,4.95,3.1666666666666665,Large
243,Gentoo,Biscoe,52.2,17.1,228.0,5400.0,Male,2009,False,5.4,3.052631578947368,Large
244,Gentoo,Biscoe,45.5,14.5,212.0,4750.0,Female,2009,False,4.75,3.1379310344827585,Large
245,Gentoo,Biscoe,49.5,16.1,224.0,5650.0,Male,2009,False,5.65,3.074534161490683,Large
246,Gentoo,Biscoe,44.5,14.7,214.0,4850.0,Female,2009,False,4.85,3.0272108843537415,Large
247,Gentoo,Biscoe,50.8,15.7,226.0,5200.0,Male,2009,False,5.2,3.2356687898089174,Large
248,Gentoo,Biscoe,49.4,15.8,216.0,4925.0,Male,2009,False,4.925,3.1265822784810124,Large
249,Gentoo,Biscoe,46.9,14.6,222.0,4875.0,Female,2009,False,4.875,3.212328767123288,Large
250,Gentoo,Biscoe,48.4,14.4,203.0,4625.0,Female,2009,False,4.625,3.3611111111111107,Large
251,Gentoo,Biscoe,51.1,16.5,225.0,5250.0,Male,2009,False,5.25,3.096969696969697,Large
252,Gentoo,Biscoe,48.5,15.0,219.0,4850.0,Female,2009,False,4.85,3.2333333333333334,Large
253,Gentoo,Biscoe,55.9,17.0,228.0,5600.0,Male,2009,False,5.6,3.288235294117647,Large
254,Gentoo,Biscoe,47.2,15.5,215.0,4975.0,Female,2009,False,4.975,3.045161290322581,Large
255,Gentoo,Biscoe,49.1,15.0,228.0,5500.0,Male,2009,False,5.5,3.2733333333333334,Large
257,Gentoo,Biscoe,46.8,16.1,215.0,5500.0,Male,2009,False,5.5,2.9068322981366457,Large
258,Gentoo,Biscoe,41.7,14.7,210.0,4700.0,Female,2009,False,4.7,2.8367346938775513,Large
259,Gentoo,Biscoe,53.4,15.8,219.0,5500.0,Male,2009,False,5.5,3.3797468354430378,Large
260,Gentoo,Biscoe,43.3,14.0,208.0,4575.0,Female,2009,False,4.575,3.0928571428571425,Large
261,Gentoo,Biscoe,48.1,15.1,209.0,5500.0,Male,2009,False,5.5,3.185430463576159,Large
262,Gentoo,Biscoe,50.5,15.2,216.0,5000.0,Female,2009,False,5.0,3.322368421052632,Large
263,Gentoo,Biscoe,49.8,15.9,229.0,5950.0,Male,2009,False,5.95,3.132075471698113,Large
264,Gentoo,Biscoe,43.5,15.2,213.0,4650.0,Female,2009,False,4.65,2.861842105263158,Large
265,Gentoo,Biscoe,51.5,16.3,230.0,5500.0,Male,2009,False,5.5,3.1595092024539877,Large
266,Gentoo,Biscoe,46.2,14.1,217.0,4375.0,Female,2009,False,4.375,3.276595744680851,Medium
267,Gentoo,Biscoe,55.1,16.0,230.0,5850.0,Male,2009,False,5.85,3.44375,Large
269,Gentoo,Biscoe,48.8,16.2,222.0,6000.0,Male,2009,False,6.0,3.0123456790123457,Large
270,Gentoo,Biscoe,47.2,13.7,214.0,4925.0,Female,2009,False,4.925,3.445255474452555,Large
272,Gentoo,Biscoe,46.8,14.3,215.0,4850.0,Female,2009,False,4.85,3.2727272727272725,Large
273,Gentoo,Biscoe,50.4,15.7,222.0,5750.0,Male,2009,False,5.75,3.210191082802548,Large
274,Gentoo,Biscoe,45.2,14.8,212.0,5200.0,Female,2009,False,5.2,3.054054054054054,Large
275,Gentoo,Biscoe,49.9,16.1,213.0,5400.0,Male,2009,False,5.4,3.0993788819875774,Large
276,Chinstrap,Dream,46.5,17.9,192.0,3500.0,Female,2007,False,3.5,2.597765363128492,Small
277,Chinstrap,Dream,50.0,19.5,196.0,3900.0,Male,2007,False,3.9,2.5641025641025643,Medium
278,Chinstrap,Dream,51.3,19.2,193.0,3650.0,Male,2007,False,3.65,2.671875,Small
279,Chinstrap,Dream,45.4,18.7,188.0,3525.0,Female,2007,False,3.525,2.427807486631016,Small
280,Chinstrap,Dream,52.7,19.8,197.0,3725.0,Male,2007,False,3.725,2.6616161616161618,Medium
281,Chinstrap,Dream,45.2,17.8,198.0,3950.0,Female,2007,False,3.95,2.539325842696629,Medium
282,Chinstrap,Dream,46.1,18.2,178.0,3250.0,Female,2007,False,3.25,2.5329670329670333,Small
283,Chinstrap,Dream,51.3,18.2,197.0,3750.0,Male,2007,False,3.75,2.8186813186813184,Medium
284,Chinstrap,Dream,46.0,18.9,195.0,4150.0,Female,2007,False,4.15,2.433862433862434,Medium
285,Chinstrap,Dream,51.3,19.9,198.0,3700.0,Male,2007,False,3.7,2.577889447236181,Small
286,Chinstrap,Dream,46.6,17.8,193.0,3800.0,Female,2007,False,3.8,2.6179775280898876,Medium
287,Chinstrap,Dream,51.7,20.3,194.0,3775.0,Male,2007,False,3.775,2.5467980295566504,Medium
288,Chinstrap,Dream,47.0,17.3,185.0,3700.0,Female,2007,False,3.7,2.7167630057803467,Small
289,Chinstrap,Dream,52.0,18.1,201.0,4050.0,Male,2007,False,4.05,2.87292817679558,Medium
290,Chinstrap,Dream,45.9,17.1,190.0,3575.0,Female,2007,False,3.575,2.6842105263157894,Small
291,Chinstrap,Dream,50.5,19.6,201.0,4050.0,Male,2007,False,4.05,2.576530612244898,Medium
292,Chinstrap,Dream,50.3,20.0,197.0,3300.0,Male,2007,False,3.3,2.5149999999999997,Small
293,Chinstrap,Dream,58.0,17.8,181.0,3700.0,Female,2007,False,3.7,3.258426966292135,Small
294,Chinstrap,Dream,46.4,18.6,190.0,3450.0,Female,2007,False,3.45,2.494623655913978,Small
295,Chinstrap,Dream,49.2,18.2,195.0,4400.0,Male,2007,False,4.4,2.7032967032967035,Medium
296,Chinstrap,Dream,42.4,17.3,181.0,3600.0,Female,2007,False,3.6,2.450867052023121,Small
297,Chinstrap,Dream,48.5,17.5,191.0,3400.0,Male,2007,False,3.4,2.7714285714285714,Small
298,Chinstrap,Dream,43.2,16.6,187.0,2900.0,Female,2007,False,2.9,2.602409638554217,Small
299,Chinstrap,Dream,50.6,19.4,193.0,3800.0,Male,2007,False,3.8,2.6082474226804124,Medium
300,Chinstrap,Dream,46.7,17.9,195.0,3300.0,Female,2007,False,3.3,2.608938547486034,Small
301,Chinstrap,Dream,52.0,19.0,197.0,4150.0,Male,2007,False,4.15,2.736842105263158,Medium
302,Chinstrap,Dream,50.5,18.4,200.0,3400.0,Female,2008,False,3.4,2.7445652173913047,Small
303,Chinstrap,Dream,49.5,19.0,200.0,3800.0,Male,2008,False,3.8,2.6052631578947367,Medium
304,Chinstrap,Dream,46.4,17.8,191.0,3700.0,Female,2008,False,3.7,2.6067415730337076,Small
305,Chinstrap,Dream,52.8,20.0,205.0,4550.0,Male,2008,False,4.55,2.6399999999999997,Medium
306,Chinstrap,Dream,40.9,16.6,187.0,3200.0,Female,2008,False,3.2,2.4638554216867465,Small
307,Chinstrap,Dream,54.2,20.8,201.0,4300.0,Male,2008,False,4.3,2.605769230769231,Medium
308,Chinstrap,Dream,42.5,16.7,187.0,3350.0,Female,2008,False,3.35,2.5449101796407185,Small
309,Chinstrap,Dream,51.0,18.8,203.0,4100.0,Male,2008,False,4.1,2.7127659574468086,Medium
310,Chinstrap,Dream,49.7,18.6,195.0,3600.0,Male,2008,False,3.6,2.672043010752688,Small
311,Chinstrap,Dream,47.5,16.8,199.0,3900.0,Female,2008,False,3.9,2.827380952380952,Medium
312,Chinstrap,Dream,47.6,18.3,195.0,3850.0,Female,2008,False,3.85,2.601092896174863,Medium
313,Chinstrap,Dream,52.0,20.7,210.0,4800.0,Male,2008,False,4.8,2.5120772946859904,Large
314,Chinstrap,Dream,46.9,16.6,192.0,2700.0,Female,2008,False,2.7,2.8253012048192767,Small
315,Chinstrap,Dream,53.5,19.9,205.0,4500.0,Male,2008,False,4.5,2.6884422110552766,Medium
316,Chinstrap,Dream,49.0,19.5,210.0,3950.0,Male,2008,False,3.95,2.5128205128205128,Medium
317,Chinstrap,Dream,46.2,17.5,187.0,3650.0,Female,2008,False,3.65,2.64,Small
318,Chinstrap,Dream,50.9,19.1,196.0,3550.0,Male,2008,False,3.55,2.664921465968586,Small
319,Chinstrap,Dream,45.5,17.0,196.0,3500.0,Female,2008,False,3.5,2.676470588235294,Small
320,Chinstrap,Dream,50.9,17.9,196.0,3675.0,Female,2009,False,3.675,2.8435754189944134,Small
321,Chinstrap,Dream,50.8,18.5,201.0,4450.0,Male,2009,False,4.45,2.745945945945946,Medium
322,Chinstrap,Dream,50.1,17.9,190.0,3400.0,Female,2009,False,3.4,2.7988826815642462,Small
323,Chinstrap,Dream,49.0,19.6,212.0,4300.0,Male,2009,False,4.3,2.5,Medium
324,Chinstrap,Dream,51.5,18.7,187.0,3250.0,Male,2009,False,3.25,2.7540106951871657,Small
325,Chinstrap,Dream,49.8,17.3,198.0,3675.0,Female,2009,False,3.675,2.8786127167630053,Small
326,Chinstrap,Dream,48.1,16.4,199.0,3325.0,Female,2009,False,3.325,2.932926829268293,Small
327,Chinstrap,Dream,51.4,19.0,201.0,3950.0,Male,2009,False,3.95,2.705263157894737,Medium
328,Chinstrap,Dream,45.7,17.3,193.0,3600.0,Female,2009,False,3.6,2.6416184971098264,Small
329,Chinstrap,Dream,50.7,19.7,203.0,4050.0,Male,2009,False,4.05,2.5736040609137056,Medium
330,Chinstrap,Dream,42.5,17.3,187.0,3350.0,Female,2009,False,3.35,2.4566473988439306,Small
331,Chinstrap,Dream,52.2,18.8,197.0,3450.0,Male,2009,False,3.45,2.776595744680851,Small
332,Chinstrap,Dream,45.2,16.6,191.0,3250.0,Female,2009,False,3.25,2.7228915662650603,Small
333,Chinstrap,Dream,49.3,19.9,203.0,4050.0,Male,2009,False,4.05,2.477386934673367,Medium
334,Chinstrap,Dream,50.2,18.8,202.0,3800.0,Male,2009,False,3.8,2.670212765957447,Medium
335,Chinstrap,Dream,45.6,19.4,194.0,3525.0,Female,2009,False,3.525,2.350515463917526,Small
336,Chinstrap,Dream,51.9,19.5,206.0,3950.0,Male,2009,False,3.95,2.6615384615384614,Medium
337,Chinstrap,Dream,46.8,16.5,189.0,3650.0,Female,2009,False,3.65,2.836363636363636,Small
338,Chinstrap,Dream,45.7,17.0,195.0,3650.0,Female,2009,False,3.65,2.6882352941176473,Small
339,Chinstrap,Dream,55.8,19.8,207.0,4000.0,Male,2009,False,4.0,2.818181818181818,Medium
340,Chinstrap,Dream,43.5,18.1,202.0,3400.0,Female,2009,False,3.4,2.4033149171270716,Small
341,Chinstrap,Dream,49.6,18.2,193.0,3775.0,Male,2009,False,3.775,2.7252747252747254,Medium
342,Chinstrap,Dream,50.8,19.0,210.0,4100.0,Male,2009,False,4.1,2.6736842105263157,Medium
343,Chinstrap,Dream,50.2,18.7,198.0,3775.0,Female,2009,False,3.775,2.6844919786096257,Medium
